1,2009,1,"1. Количество кредитных организаций, предоставивших ипотечные жилищные кредиты, единиц"
2,2009,1,602
3,2009,1,"2. Количество ипотечных жилищных кредитов, предоставленных физическим лицам-резидентам, единиц"
4,2009,1,349 502
5,2009,1,"3. Объем ипотечных жилищных кредитов, предоставленных физическим лицам-резидентам, млн.руб."
6,2009,1,"655 808,3"
7,2009,1,"4. Задолженность по ипотечным жилищным кредитам, предоставленным кредитными организациями, млн.руб."
8,2009,1,"1 070 329,2"
9,2009,1,"4.3. из них: просроченная задолженность, млн.руб."
10,2009,1,"11 498,7"
11,2009,1,"5. Средневзвешенный срок кредитования, месяцев"
12,2009,1,"215,3"
13,2009,1,"6. Средневзвешенная ставка, %"
14,2009,1,"12,9"
15,2009,2,"1. Количество кредитных организаций, предоставивших ипотечные жилищные кредиты, единиц"
16,2009,2,572
17,2009,2,"2. Количество ипотечных жилищных кредитов, предоставленных физическим лицам-резидентам, единиц"
18,2009,2,5 111
19,2009,2,"3. Объем ипотечных жилищных кредитов, предоставленных физическим лицам-резидентам, млн.руб."
20,2009,2,"7 111,1"
21,2009,2,"4. Задолженность по ипотечным жилищным кредитам, предоставленным кредитными организациями, млн.руб."
22,2009,2,"1 089 926,4"
23,2009,2,"4.3. из них: просроченная задолженность, млн.руб."
24,2009,2,"14 113,8"
25,2009,2,"5. Средневзвешенный срок кредитования, месяцев"
26,2009,2,"204,2"
27,2009,2,"6. Средневзвешенная ставка, %"
28,2009,2,"14,20"
29,2009,3,"1. Количество кредитных организаций, предоставивших ипотечные жилищные кредиты, единиц"
30,2009,3,568
31,2009,3,"2. Количество ипотечных жилищных кредитов, предоставленных физическим лицам-резидентам, единиц"
32,2009,3,11 291
33,2009,3,"3. Объем ипотечных жилищных кредитов, предоставленных физическим лицам-резидентам, млн.руб."
34,2009,3,"15 458,9"
35,2009,3,"4. Задолженность по ипотечным жилищным кредитам, предоставленным кредитными организациями, млн.руб."
36,2009,3,"1 092 282,3"
37,2009,3,"4.3. из них: просроченная задолженность, млн.руб."
38,2009,3,"14 673,4"
39,2009,3,"5. Средневзвешенный срок кредитования, месяцев"
40,2009,3,"202,1"
41,2009,3,"6. Средневзвешенная ставка, %"
42,2009,3,"14,35"
43,2009,4,"1. Количество кредитных организаций, предоставивших ипотечные жилищные кредиты, единиц"
44,2009,4,571
45,2009,4,"2. Количество ипотечных жилищных кредитов, предоставленных физическим лицам-резидентам, единиц"
46,2009,4,18 857
47,2009,4,"3. Объем ипотечных жилищных кредитов, предоставленных физическим лицам-резидентам, млн.руб."
48,2009,4,"24 862,9"
49,2009,4,"4. Задолженность по ипотечным жилищным кредитам, предоставленным кредитными организациями, млн.руб."
50,2009,4,"1 058 335,1"
51,2009,4,"4.3. из них: просроченная задолженность, млн.руб."
52,2009,4,"17 134,4"
53,2009,4,"5. Средневзвешенный срок кредитования, месяцев"
54,2009,4,"202,7"
55,2009,4,"6. Средневзвешенная ставка, %"
56,2009,4,"14,44"
57,2009,5,"1. Количество кредитных организаций, предоставивших ипотечные жилищные кредиты, единиц"
58,2009,5,568
59,2009,5,"2. Количество ипотечных жилищных кредитов, предоставленных физическим лицам-резидентам, единиц"
60,2009,5,27 139
61,2009,5,"3. Объем ипотечных жилищных кредитов, предоставленных физическим лицам-резидентам, млн.руб."
62,2009,5,"34 670,8"
63,2009,5,"4. Задолженность по ипотечным жилищным кредитам, предоставленным кредитными организациями, млн.руб."
64,2009,5,"1 045 636,8"
65,2009,5,"4.3. из них: просроченная задолженность, млн.руб."
66,2009,5,"18 225,3"
67,2009,5,"5. Средневзвешенный срок кредитования, месяцев"
68,2009,5,"200,6"
69,2009,5,"6. Средневзвешенная ставка, %"
70,2009,5,"14,56"
71,2009,6,"1. Количество кредитных организаций, предоставивших ипотечные жилищные кредиты, единиц"
72,2009,6,569
73,2009,6,"2. Количество ипотечных жилищных кредитов, предоставленных физическим лицам-резидентам, единиц"
74,2009,6,35 064
75,2009,6,"3. Объем ипотечных жилищных кредитов, предоставленных физическим лицам-резидентам, млн.руб."
76,2009,6,"44 477,1"
77,2009,6,"4. Задолженность по ипотечным жилищным кредитам, предоставленным кредитными организациями, млн.руб."
78,2009,6,"1 024 799,6"
79,2009,6,"4.3. из них: просроченная задолженность, млн.руб."
80,2009,6,"12 379,3"
81,2009,6,"5. Средневзвешенный срок кредитования, месяцев"
82,2009,6,"200,3"
83,2009,6,"6. Средневзвешенная ставка, %"
84,2009,6,"14,58"
85,2009,7,"1. Количество кредитных организаций, предоставивших ипотечные жилищные кредиты, единиц"
86,2009,7,571
87,2009,7,"2. Количество ипотечных жилищных кредитов, предоставленных физическим лицам-резидентам, единиц"
88,2009,7,44 438
89,2009,7,"3. Объем ипотечных жилищных кредитов, предоставленных физическим лицам-резидентам, млн.руб."
90,2009,7,"55 922,3"
91,2009,7,"4. Задолженность по ипотечным жилищным кредитам, предоставленным кредитными организациями, млн.руб."
92,2009,7,"1 018 892,9"
93,2009,7,"4.3. из них: просроченная задолженность, млн.руб."
94,2009,7,"21 497,5"
95,2009,7,"5. Средневзвешенный срок кредитования, месяцев"
96,2009,7,"198,2"
97,2009,7,"6. Средневзвешенная ставка, %"
98,2009,7,"14,61"
99,2009,8,"1. Количество кредитных организаций, предоставивших ипотечные жилищные кредиты, единиц"
100,2009,8,572
101,2009,8,"2. Количество ипотечных жилищных кредитов, предоставленных физическим лицам-резидентам, единиц"
102,2009,8,55 080
103,2009,8,"3. Объем ипотечных жилищных кредитов, предоставленных физическим лицам-резидентам, млн.руб."
104,2009,8,"67 589,9"
105,2009,8,"4. Задолженность по ипотечным жилищным кредитам, предоставленным кредитными организациями, млн.руб."
106,2009,8,"1 020 192,1"
107,2009,8,"4.3. из них: просроченная задолженность, млн.руб."
108,2009,8,"23 023,2"
109,2009,8,"5. Средневзвешенный срок кредитования, месяцев"
110,2009,8,"197,9"
111,2009,8,"6. Средневзвешенная ставка, %"
112,2009,8,"14,64"
113,2009,9,"1. Количество кредитных организаций, предоставивших ипотечные жилищные кредиты, единиц"
114,2009,9,569
115,2009,9,"2. Количество ипотечных жилищных кредитов, предоставленных физическим лицам-резидентам, единиц"
116,2009,9,65 476
117,2009,9,"3. Объем ипотечных жилищных кредитов, предоставленных физическим лицам-резидентам, млн.руб."
118,2009,9,"78 810,2"
119,2009,9,"4. Задолженность по ипотечным жилищным кредитам, предоставленным кредитными организациями, млн.руб."
120,2009,9,"1 014 653,9"
121,2009,9,"4.3. из них: просроченная задолженность, млн.руб."
122,2009,9,"24 228,1"
123,2009,9,"5. Средневзвешенный срок кредитования, месяцев"
124,2009,9,"197,7"
125,2009,9,"6. Средневзвешенная ставка, %"
126,2009,9,"14,62"
127,2009,10,"1. Количество кредитных организаций, предоставивших ипотечные жилищные кредиты, единиц"
128,2009,10,569
129,2009,10,"2. Количество ипотечных жилищных кредитов, предоставленных физическим лицам-резидентам, единиц"
130,2009,10,77 594
131,2009,10,"3. Объем ипотечных жилищных кредитов, предоставленных физическим лицам-резидентам, млн.руб."
132,2009,10,"91 723,1"
133,2009,10,"4. Задолженность по ипотечным жилищным кредитам, предоставленным кредитными организациями, млн.руб."
134,2009,10,"1 004 004,6"
135,2009,10,"4.3. из них: просроченная задолженность, млн.руб."
136,2009,10,"26 304,7"
137,2009,10,"5. Средневзвешенный срок кредитования, месяцев"
138,2009,10,"197,6"
139,2009,10,"6. Средневзвешенная ставка, %"
140,2009,10,"14,59"
141,2009,11,"1. Количество кредитных организаций, предоставивших ипотечные жилищные кредиты, единиц"
142,2009,11,576
143,2009,11,"2. Количество ипотечных жилищных кредитов, предоставленных физическим лицам-резидентам, единиц"
144,2009,11,92 363
145,2009,11,"3. Объем ипотечных жилищных кредитов, предоставленных физическим лицам-резидентам, млн.руб."
146,2009,11,"107 969,4"
147,2009,11,"4. Задолженность по ипотечным жилищным кредитам, предоставленным кредитными организациями, млн.руб."
148,2009,11,"995 943,0"
149,2009,11,"4.3. из них: просроченная задолженность, млн.руб."
150,2009,11,"26 529,8"
151,2009,11,"5. Средневзвешенный срок кредитования, месяцев"
152,2009,11,"197,6"
153,2009,11,"6. Средневзвешенная ставка, %"
154,2009,11,"14,53"
155,2009,12,"1. Количество кредитных организаций, предоставивших ипотечные жилищные кредиты, единиц"
156,2009,12,580
157,2009,12,"2. Количество ипотечных жилищных кредитов, предоставленных физическим лицам-резидентам, единиц"
158,2009,12,107 062
159,2009,12,"3. Объем ипотечных жилищных кредитов, предоставленных физическим лицам-резидентам, млн.руб."
160,2009,12,"124 628,6"
161,2009,12,"4. Задолженность по ипотечным жилищным кредитам, предоставленным кредитными организациями, млн.руб."
162,2009,12,"1 001 022,0"
163,2009,12,"4.3. из них: просроченная задолженность, млн.руб."
164,2009,12,"27 721,0"
165,2009,12,"5. Средневзвешенный срок кредитования, месяцев"
166,2009,12,"198,3"
167,2009,12,"6. Средневзвешенная ставка, %"
168,2009,12,"14,45"
169,2010,1,"1. Количество кредитных организаций, предоставивших ипотечные жилищные кредиты, единиц"
170,2010,1,584
171,2010,1,"2. Количество ипотечных жилищных кредитов, предоставленных физическим лицам-резидентам, единиц"
172,2010,1,130 085
173,2010,1,"3. Объем ипотечных жилищных кредитов, предоставленных физическим лицам-резидентам, млн.руб."
174,2010,1,"152 500,3"
175,2010,1,"4. Задолженность по ипотечным жилищным кредитам, предоставленным кредитными организациями, млн.руб."
176,2010,1,"1 010 888,5"
177,2010,1,"4.3. из них: просроченная задолженность, млн.руб."
178,2010,1,"31 030,6"
179,2010,1,"5. Средневзвешенный срок кредитования, месяцев"
180,2010,1,"197,5"
181,2010,1,"6. Средневзвешенная ставка, %"
182,2010,1,"14,32"
183,2010,2,"1. Количество кредитных организаций, предоставивших ипотечные жилищные кредиты, единиц"
184,2010,2,577
185,2010,2,"2. Количество ипотечных жилищных кредитов, предоставленных физическим лицам-резидентам, единиц"
186,2010,2,7 448
187,2010,2,"3. Объем ипотечных жилищных кредитов, предоставленных физическим лицам-резидентам, млн.руб."
188,2010,2,8 430
189,2010,2,"4. Задолженность по ипотечным жилищным кредитам, предоставленным кредитными организациями, млн.руб."
190,2010,2,1 008 584
191,2010,2,"4.3. из них: просроченная задолженность, млн.руб."
192,2010,2,32 147
193,2010,2,"5. Средневзвешенный срок кредитования, месяцев"
194,2010,2,"194,9"
195,2010,2,"6. Средневзвешенная ставка, %"
196,2010,2,"13,93"
197,2010,3,"1. Количество кредитных организаций, предоставивших ипотечные жилищные кредиты, единиц"
198,2010,3,583
199,2010,3,"2. Количество ипотечных жилищных кредитов, предоставленных физическим лицам-резидентам, единиц"
200,2010,3,21 176
201,2010,3,"3. Объем ипотечных жилищных кредитов, предоставленных физическим лицам-резидентам, млн.руб."
202,2010,3,24 592
203,2010,3,"4. Задолженность по ипотечным жилищным кредитам, предоставленным кредитными организациями, млн.руб."
204,2010,3,1 005 758
205,2010,3,"4.3. из них: просроченная задолженность, млн.руб."
206,2010,3,33 036
207,2010,3,"5. Средневзвешенный срок кредитования, месяцев"
208,2010,3,"196,1"
209,2010,3,"6. Средневзвешенная ставка, %"
210,2010,3,"13,74"
211,2010,4,"1. Количество кредитных организаций, предоставивших ипотечные жилищные кредиты, единиц"
212,2010,4,585
213,2010,4,"2. Количество ипотечных жилищных кредитов, предоставленных физическим лицам-резидентам, единиц"
214,2010,4,40 425
215,2010,4,"3. Объем ипотечных жилищных кредитов, предоставленных физическим лицам-резидентам, млн.руб."
216,2010,4,48 958
217,2010,4,"4. Задолженность по ипотечным жилищным кредитам, предоставленным кредитными организациями, млн.руб."
218,2010,4,1 006 977
219,2010,4,"4.3. из них: просроченная задолженность, млн.руб."
220,2010,4,34 088
221,2010,4,"5. Средневзвешенный срок кредитования, месяцев"
222,2010,4,"196,6"
223,2010,4,"6. Средневзвешенная ставка, %"
224,2010,4,"13,58"
225,2010,5,"1. Количество кредитных организаций, предоставивших ипотечные жилищные кредиты, единиц"
226,2010,5,589
227,2010,5,"2. Количество ипотечных жилищных кредитов, предоставленных физическим лицам-резидентам, единиц"
228,2010,5,62 280
229,2010,5,"3. Объем ипотечных жилищных кредитов, предоставленных физическим лицам-резидентам, млн.руб."
230,2010,5,76 290
231,2010,5,"4. Задолженность по ипотечным жилищным кредитам, предоставленным кредитными организациями, млн.руб."
232,2010,5,1 013 821
233,2010,5,"4.3. из них: просроченная задолженность, млн.руб."
234,2010,5,35 344
235,2010,5,"5. Средневзвешенный срок кредитования, месяцев"
236,2010,5,"196,8"
237,2010,5,"6. Средневзвешенная ставка, %"
238,2010,5,"13,52"
239,2010,6,"1. Количество кредитных организаций, предоставивших ипотечные жилищные кредиты, единиц"
240,2010,6,582
241,2010,6,"2. Количество ипотечных жилищных кредитов, предоставленных физическим лицам-резидентам, единиц"
242,2010,6,82 976
243,2010,6,"3. Объем ипотечных жилищных кредитов, предоставленных физическим лицам-резидентам, млн.руб."
244,2010,6,102 430
245,2010,6,"4. Задолженность по ипотечным жилищным кредитам, предоставленным кредитными организациями, млн.руб."
246,2010,6,1 025 119
247,2010,6,"4.3. из них: просроченная задолженность, млн.руб."
248,2010,6,38 052
249,2010,6,"5. Средневзвешенный срок кредитования, месяцев"
250,2010,6,"197,5"
251,2010,6,"6. Средневзвешенная ставка, %"
252,2010,6,"13,49"
253,2010,7,"1. Количество кредитных организаций, предоставивших ипотечные жилищные кредиты, единиц"
254,2010,7,588
255,2010,7,"2. Количество ипотечных жилищных кредитов, предоставленных физическим лицам-резидентам, единиц"
256,2010,7,107 224
257,2010,7,"3. Объем ипотечных жилищных кредитов, предоставленных физическим лицам-резидентам, млн.руб."
258,2010,7,133 364
259,2010,7,"4. Задолженность по ипотечным жилищным кредитам, предоставленным кредитными организациями, млн.руб."
260,2010,7,1 033 903
261,2010,7,"4.3. из них: просроченная задолженность, млн.руб."
262,2010,7,38 595
263,2010,7,"5. Средневзвешенный срок кредитования, месяцев"
264,2010,7,"197,8"
265,2010,7,"6. Средневзвешенная ставка, %"
266,2010,7,"13,45"
267,2010,8,"1. Количество кредитных организаций, предоставивших ипотечные жилищные кредиты, единиц"
268,2010,8,594
269,2010,8,"2. Количество ипотечных жилищных кредитов, предоставленных физическим лицам-резидентам, единиц"
270,2010,8,133 228
271,2010,8,"3. Объем ипотечных жилищных кредитов, предоставленных физическим лицам-резидентам, млн.руб."
272,2010,8,166 229
273,2010,8,"4. Задолженность по ипотечным жилищным кредитам, предоставленным кредитными организациями, млн.руб."
274,2010,8,1 042 253
275,2010,8,"4.3. из них: просроченная задолженность, млн.руб."
276,2010,8,39 933
277,2010,8,"5. Средневзвешенный срок кредитования, месяцев"
278,2010,8,"196,8"
279,2010,8,"6. Средневзвешенная ставка, %"
280,2010,8,"13,39"
281,2010,9,"1. Количество кредитных организаций, предоставивших ипотечные жилищные кредиты, единиц"
282,2010,9,603
283,2010,9,"2. Количество ипотечных жилищных кредитов, предоставленных физическим лицам-резидентам, единиц"
284,2010,9,159 005
285,2010,9,"3. Объем ипотечных жилищных кредитов, предоставленных физическим лицам-резидентам, млн.руб."
286,2010,9,198 285
287,2010,9,"4. Задолженность по ипотечным жилищным кредитам, предоставленным кредитными организациями, млн.руб."
288,2010,9,1 056 075
289,2010,9,"4.3. из них: просроченная задолженность, млн.руб."
290,2010,9,41 703
291,2010,9,"5. Средневзвешенный срок кредитования, месяцев"
292,2010,9,"196,7"
293,2010,9,"6. Средневзвешенная ставка, %"
294,2010,9,"13,38"
295,2010,10,"1. Количество кредитных организаций, предоставивших ипотечные жилищные кредиты, единиц"
296,2010,10,613
297,2010,10,"2. Количество ипотечных жилищных кредитов, предоставленных физическим лицам-резидентам, единиц"
298,2010,10,187 388
299,2010,10,"3. Объем ипотечных жилищных кредитов, предоставленных физическим лицам-резидентам, млн.руб."
300,2010,10,234 080
301,2010,10,"4. Задолженность по ипотечным жилищным кредитам, предоставленным кредитными организациями, млн.руб."
302,2010,10,1 069 725
303,2010,10,"4.3. из них: просроченная задолженность, млн.руб."
304,2010,10,42 664
305,2010,10,"5. Средневзвешенный срок кредитования, месяцев"
306,2010,10,"197,3"
307,2010,10,"6. Средневзвешенная ставка, %"
308,2010,10,"13,35"
309,2010,11,"1. Количество кредитных организаций, предоставивших ипотечные жилищные кредиты, единиц"
310,2010,11,617
311,2010,11,"2. Количество ипотечных жилищных кредитов, предоставленных физическим лицам-резидентам, единиц"
312,2010,11,218 188
313,2010,11,"3. Объем ипотечных жилищных кредитов, предоставленных физическим лицам-резидентам, млн.руб."
314,2010,11,272 953
315,2010,11,"4. Задолженность по ипотечным жилищным кредитам, предоставленным кредитными организациями, млн.руб."
316,2010,11,1 086 368
317,2010,11,"4.3. из них: просроченная задолженность, млн.руб."
318,2010,11,43 440
319,2010,11,"5. Средневзвешенный срок кредитования, месяцев"
320,2010,11,"196,6"
321,2010,11,"6. Средневзвешенная ставка, %"
322,2010,11,"13,27"
323,2010,12,"1. Количество кредитных организаций, предоставивших ипотечные жилищные кредиты, единиц"
324,2010,12,622
325,2010,12,"2. Количество ипотечных жилищных кредитов, предоставленных физическим лицам-резидентам, единиц"
326,2010,12,250 704
327,2010,12,"3. Объем ипотечных жилищных кредитов, предоставленных физическим лицам-резидентам, млн.руб."
328,2010,12,315 291
329,2010,12,"4. Задолженность по ипотечным жилищным кредитам, предоставленным кредитными организациями, млн.руб."
330,2010,12,1 105 496
331,2010,12,"4.3. из них: просроченная задолженность, млн.руб."
332,2010,12,44 693
333,2010,12,"5. Средневзвешенный срок кредитования, месяцев"
334,2010,12,"195,9"
335,2010,12,"6. Средневзвешенная ставка, %"
336,2010,12,"13,18"
337,2011,1,"1. Количество кредитных организаций, предоставивших ипотечные жилищные кредиты, единиц"
338,2011,1,631
339,2011,1,"2. Количество ипотечных жилищных кредитов, предоставленных физическим лицам-резидентам, единиц"
340,2011,1,301 433
341,2011,1,"3. Объем ипотечных жилищных кредитов, предоставленных физическим лицам-резидентам, млн.руб."
342,2011,1,380 061
343,2011,1,"4. Задолженность по ипотечным жилищным кредитам, предоставленным кредитными организациями, млн.руб."
344,2011,1,1 129 373
345,2011,1,"4.3. из них: просроченная задолженность, млн.руб."
346,2011,1,41 632
347,2011,1,"5. Средневзвешенный срок кредитования, месяцев"
348,2011,1,"196,3"
349,2011,1,"6. Средневзвешенная ставка, %"
350,2011,1,"13,05"
351,2011,2,"1. Количество кредитных организаций, предоставивших ипотечные жилищные кредиты, единиц"
352,2011,2,612
353,2011,2,"2. Количество ипотечных жилищных кредитов, предоставленных физическим лицам-резидентам, единиц"
354,2011,2,15 270
355,2011,2,"3. Объем ипотечных жилищных кредитов, предоставленных физическим лицам-резидентам, млн.руб."
356,2011,2,20 507
357,2011,2,"4. Задолженность по ипотечным жилищным кредитам, предоставленным кредитными организациями, млн.руб."
358,2011,2,1 132 982
359,2011,2,"4.3. из них: просроченная задолженность, млн.руб."
360,2011,2,42 321
361,2011,2,"5. Средневзвешенный срок кредитования, месяцев"
362,2011,2,"196,4"
363,2011,2,"6. Средневзвешенная ставка, %"
364,2011,2,"12,63"
365,2011,3,"1. Количество кредитных организаций, предоставивших ипотечные жилищные кредиты, единиц"
366,2011,3,619
367,2011,3,"2. Количество ипотечных жилищных кредитов, предоставленных физическим лицам-резидентам, единиц"
368,2011,3,40 772
369,2011,3,"3. Объем ипотечных жилищных кредитов, предоставленных физическим лицам-резидентам, млн.руб."
370,2011,3,56 270
371,2011,3,"4. Задолженность по ипотечным жилищным кредитам, предоставленным кредитными организациями, млн.руб."
372,2011,3,1 139 159
373,2011,3,"4.3. из них: просроченная задолженность, млн.руб."
374,2011,3,42 075
375,2011,3,"5. Средневзвешенный срок кредитования, месяцев"
376,2011,3,"195,8"
377,2011,3,"6. Средневзвешенная ставка, %"
378,2011,3,"12,50"
379,2011,4,"1. Количество кредитных организаций, предоставивших ипотечные жилищные кредиты, единиц"
380,2011,4,627
381,2011,4,"2. Количество ипотечных жилищных кредитов, предоставленных физическим лицам-резидентам, единиц"
382,2011,4,75 333
383,2011,4,"3. Объем ипотечных жилищных кредитов, предоставленных физическим лицам-резидентам, млн.руб."
384,2011,4,105 272
385,2011,4,"4. Задолженность по ипотечным жилищным кредитам, предоставленным кредитными организациями, млн.руб."
386,2011,4,1 158 870
387,2011,4,"4.3. из них: просроченная задолженность, млн.руб."
388,2011,4,42 195
389,2011,4,"5. Средневзвешенный срок кредитования, месяцев"
390,2011,4,"194,3"
391,2011,4,"6. Средневзвешенная ставка, %"
392,2011,4,"12,44"
393,2011,5,"1. Количество кредитных организаций, предоставивших ипотечные жилищные кредиты, единиц"
394,2011,5,636
395,2011,5,"2. Количество ипотечных жилищных кредитов, предоставленных физическим лицам-резидентам, единиц"
396,2011,5,112 373
397,2011,5,"3. Объем ипотечных жилищных кредитов, предоставленных физическим лицам-резидентам, млн.руб."
398,2011,5,157 050
399,2011,5,"4. Задолженность по ипотечным жилищным кредитам, предоставленным кредитными организациями, млн.руб."
400,2011,5,1 178 915
401,2011,5,"4.3. из них: просроченная задолженность, млн.руб."
402,2011,5,41 964
403,2011,5,"5. Средневзвешенный срок кредитования, месяцев"
404,2011,5,"193,9"
405,2011,5,"6. Средневзвешенная ставка, %"
406,2011,5,"12,33"
407,2011,6,"1. Количество кредитных организаций, предоставивших ипотечные жилищные кредиты, единиц"
408,2011,6,638
409,2011,6,"2. Количество ипотечных жилищных кредитов, предоставленных физическим лицам-резидентам, единиц"
410,2011,6,152 884
411,2011,6,"3. Объем ипотечных жилищных кредитов, предоставленных физическим лицам-резидентам, млн.руб."
412,2011,6,211 020
413,2011,6,"4. Задолженность по ипотечным жилищным кредитам, предоставленным кредитными организациями, млн.руб."
414,2011,6,1 209 440
415,2011,6,"4.3. из них: просроченная задолженность, млн.руб."
416,2011,6,42 611
417,2011,6,"5. Средневзвешенный срок кредитования, месяцев"
418,2011,6,"191,5"
419,2011,6,"6. Средневзвешенная ставка, %"
420,2011,6,"12,29"
421,2011,7,"1. Количество кредитных организаций, предоставивших ипотечные жилищные кредиты, единиц"
422,2011,7,638
423,2011,7,"2. Количество ипотечных жилищных кредитов, предоставленных физическим лицам-резидентам, единиц"
424,2011,7,197 203
425,2011,7,"3. Объем ипотечных жилищных кредитов, предоставленных физическим лицам-резидентам, млн.руб."
426,2011,7,273 441
427,2011,7,"4. Задолженность по ипотечным жилищным кредитам, предоставленным кредитными организациями, млн.руб."
428,2011,7,1 243 460
429,2011,7,"4.3. из них: просроченная задолженность, млн.руб."
430,2011,7,43 247
431,2011,7,"5. Средневзвешенный срок кредитования, месяцев"
432,2011,7,"188,3"
433,2011,7,"6. Средневзвешенная ставка, %"
434,2011,7,"12,25"
435,2011,8,"1. Количество кредитных организаций, предоставивших ипотечные жилищные кредиты, единиц"
436,2011,8,645
437,2011,8,"2. Количество ипотечных жилищных кредитов, предоставленных физическим лицам-резидентам, единиц"
438,2011,8,240 651
439,2011,8,"3. Объем ипотечных жилищных кредитов, предоставленных физическим лицам-резидентам, млн.руб."
440,2011,8,332 873
441,2011,8,"4. Задолженность по ипотечным жилищным кредитам, предоставленным кредитными организациями, млн.руб."
442,2011,8,1 269 125
443,2011,8,"4.3. из них: просроченная задолженность, млн.руб."
444,2011,8,42 758
445,2011,8,"5. Средневзвешенный срок кредитования, месяцев"
446,2011,8,"187,8"
447,2011,8,"6. Средневзвешенная ставка, %"
448,2011,8,"12,18"
449,2011,9,"1. Количество кредитных организаций, предоставивших ипотечные жилищные кредиты, единиц"
450,2011,9,646
451,2011,9,"2. Количество ипотечных жилищных кредитов, предоставленных физическим лицам-резидентам, единиц"
452,2011,9,288 406
453,2011,9,"3. Объем ипотечных жилищных кредитов, предоставленных физическим лицам-резидентам, млн.руб."
454,2011,9,398 187
455,2011,9,"4. Задолженность по ипотечным жилищным кредитам, предоставленным кредитными организациями, млн.руб."
456,2011,9,1 311 925
457,2011,9,"4.3. из них: просроченная задолженность, млн.руб."
458,2011,9,43 702
459,2011,9,"5. Средневзвешенный срок кредитования, месяцев"
460,2011,9,"186,0"
461,2011,9,"6. Средневзвешенная ставка, %"
462,2011,9,"12,14"
463,2011,10,"1. Количество кредитных организаций, предоставивших ипотечные жилищные кредиты, единиц"
464,2011,10,648
465,2011,10,"2. Количество ипотечных жилищных кредитов, предоставленных физическим лицам-резидентам, единиц"
466,2011,10,339 392
467,2011,10,"3. Объем ипотечных жилищных кредитов, предоставленных физическим лицам-резидентам, млн.руб."
468,2011,10,468 002
469,2011,10,"4. Задолженность по ипотечным жилищным кредитам, предоставленным кредитными организациями, млн.руб."
470,2011,10,1 355 562
471,2011,10,"4.3. из них: просроченная задолженность, млн.руб."
472,2011,10,45 164
473,2011,10,"5. Средневзвешенный срок кредитования, месяцев"
474,2011,10,"183,9"
475,2011,10,"6. Средневзвешенная ставка, %"
476,2011,10,"12,06"
477,2011,11,"1. Количество кредитных организаций, предоставивших ипотечные жилищные кредиты, единиц"
478,2011,11,656
479,2011,11,"2. Количество ипотечных жилищных кредитов, предоставленных физическим лицам-резидентам, единиц"
480,2011,11,392 831
481,2011,11,"3. Объем ипотечных жилищных кредитов, предоставленных физическим лицам-резидентам, млн.руб."
482,2011,11,537 651
483,2011,11,"4. Задолженность по ипотечным жилищным кредитам, предоставленным кредитными организациями, млн.руб."
484,2011,11,1 377 348
485,2011,11,"4.3. из них: просроченная задолженность, млн.руб."
486,2011,11,44 369
487,2011,11,"5. Средневзвешенный срок кредитования, месяцев"
488,2011,11,"182,1"
489,2011,11,"6. Средневзвешенная ставка, %"
490,2011,11,"12,02"
491,2011,12,"1. Количество кредитных организаций, предоставивших ипотечные жилищные кредиты, единиц"
492,2011,12,659
493,2011,12,"2. Количество ипотечных жилищных кредитов, предоставленных физическим лицам-резидентам, единиц"
494,2011,12,449 304
495,2011,12,"3. Объем ипотечных жилищных кредитов, предоставленных физическим лицам-резидентам, млн.руб."
496,2011,12,614 092
497,2011,12,"4. Задолженность по ипотечным жилищным кредитам, предоставленным кредитными организациями, млн.руб."
498,2011,12,1 426 145
499,2011,12,"4.3. из них: просроченная задолженность, млн.руб."
500,2011,12,45 158
501,2011,12,"5. Средневзвешенный срок кредитования, месяцев"
502,2011,12,"180,3"
503,2011,12,"6. Средневзвешенная ставка, %"
504,2011,12,"11,95"
505,2012,1,"1. Количество кредитных организаций, предоставивших ипотечные жилищные кредиты, единиц"
506,2012,1,658
507,2012,1,"2. Количество ипотечных жилищных кредитов, предоставленных физическим лицам-резидентам, единиц"
508,2012,1,523 582
509,2012,1,"3. Объем ипотечных жилищных кредитов, предоставленных физическим лицам-резидентам, млн.руб."
510,2012,1,716 944
511,2012,1,"4. Задолженность по ипотечным жилищным кредитам, предоставленным кредитными организациями, млн.руб."
512,2012,1,1 478 982
513,2012,1,"4.3. из них: просроченная задолженность, млн.руб."
514,2012,1,45 327
515,2012,1,"5. Средневзвешенный срок кредитования, месяцев"
516,2012,1,"178,9"
517,2012,1,"6. Средневзвешенная ставка, %"
518,2012,1,"11,90"
519,2012,2,"1. Количество кредитных организаций, предоставивших ипотечные жилищные кредиты, единиц"
520,2012,2,647
521,2012,2,"2. Количество ипотечных жилищных кредитов, предоставленных физическим лицам-резидентам, единиц"
522,2012,2,28 310
523,2012,2,"3. Объем ипотечных жилищных кредитов, предоставленных физическим лицам-резидентам, млн.руб."
524,2012,2,38 959
525,2012,2,"4. Задолженность по ипотечным жилищным кредитам, предоставленным кредитными организациями, млн.руб."
526,2012,2,1 478 755
527,2012,2,"4.3. из них: просроченная задолженность, млн.руб."
528,2012,2,44 779
529,2012,2,"5. Средневзвешенный срок кредитования, месяцев"
530,2012,2,"172,0"
531,2012,2,"6. Средневзвешенная ставка, %"
532,2012,2,"11,83"
533,2012,3,"1. Количество кредитных организаций, предоставивших ипотечные жилищные кредиты, единиц"
534,2012,3,649
535,2012,3,"2. Количество ипотечных жилищных кредитов, предоставленных физическим лицам-резидентам, единиц"
536,2012,3,73 426
537,2012,3,"3. Объем ипотечных жилищных кредитов, предоставленных физическим лицам-резидентам, млн.руб."
538,2012,3,103 666
539,2012,3,"4. Задолженность по ипотечным жилищным кредитам, предоставленным кредитными организациями, млн.руб."
540,2012,3,1 501 303
541,2012,3,"4.3. из них: просроченная задолженность, млн.руб."
542,2012,3,45 148
543,2012,3,"5. Средневзвешенный срок кредитования, месяцев"
544,2012,3,"174,5"
545,2012,3,"6. Средневзвешенная ставка, %"
546,2012,3,"11,89"
547,2012,4,"1. Количество кредитных организаций, предоставивших ипотечные жилищные кредиты, единиц"
548,2012,4,652
549,2012,4,"2. Количество ипотечных жилищных кредитов, предоставленных физическим лицам-резидентам, единиц"
550,2012,4,127 073
551,2012,4,"3. Объем ипотечных жилищных кредитов, предоставленных физическим лицам-резидентам, млн.руб."
552,2012,4,181 289
553,2012,4,"4. Задолженность по ипотечным жилищным кредитам, предоставленным кредитными организациями, млн.руб."
554,2012,4,1 539 880
555,2012,4,"4.3. из них: просроченная задолженность, млн.руб."
556,2012,4,44 471
557,2012,4,"5. Средневзвешенный срок кредитования, месяцев"
558,2012,4,"176,1"
559,2012,4,"6. Средневзвешенная ставка, %"
560,2012,4,"11,97"
561,2012,5,"1. Количество кредитных организаций, предоставивших ипотечные жилищные кредиты, единиц"
562,2012,5,654
563,2012,5,"2. Количество ипотечных жилищных кредитов, предоставленных физическим лицам-резидентам, единиц"
564,2012,5,185 006
565,2012,5,"3. Объем ипотечных жилищных кредитов, предоставленных физическим лицам-резидентам, млн.руб."
566,2012,5,267 407
567,2012,5,"4. Задолженность по ипотечным жилищным кредитам, предоставленным кредитными организациями, млн.руб."
568,2012,5,1 587 156
569,2012,5,"4.3. из них: просроченная задолженность, млн.руб."
570,2012,5,44 577
571,2012,5,"5. Средневзвешенный срок кредитования, месяцев"
572,2012,5,"177,5"
573,2012,5,"6. Средневзвешенная ставка, %"
574,2012,5,"12,01"
575,2012,6,"1. Количество кредитных организаций, предоставивших ипотечные жилищные кредиты, единиц"
576,2012,6,657
577,2012,6,"2. Количество ипотечных жилищных кредитов, предоставленных физическим лицам-резидентам, единиц"
578,2012,6,240 282
579,2012,6,"3. Объем ипотечных жилищных кредитов, предоставленных физическим лицам-резидентам, млн.руб."
580,2012,6,348 437
581,2012,6,"4. Задолженность по ипотечным жилищным кредитам, предоставленным кредитными организациями, млн.руб."
582,2012,6,1 640 732
583,2012,6,"4.3. из них: просроченная задолженность, млн.руб."
584,2012,6,46 025
585,2012,6,"5. Средневзвешенный срок кредитования, месяцев"
586,2012,6,"177,9"
587,2012,6,"6. Средневзвешенная ставка, %"
588,2012,6,"12,05"
589,2012,7,"1. Количество кредитных организаций, предоставивших ипотечные жилищные кредиты, единиц"
590,2012,7,660
591,2012,7,"2. Количество ипотечных жилищных кредитов, предоставленных физическим лицам-резидентам, единиц"
592,2012,7,295 693
593,2012,7,"3. Объем ипотечных жилищных кредитов, предоставленных физическим лицам-резидентам, млн.руб."
594,2012,7,430 455
595,2012,7,"4. Задолженность по ипотечным жилищным кредитам, предоставленным кредитными организациями, млн.руб."
596,2012,7,1 686 308
597,2012,7,"4.3. из них: просроченная задолженность, млн.руб."
598,2012,7,45 869
599,2012,7,"5. Средневзвешенный срок кредитования, месяцев"
600,2012,7,"178,1"
601,2012,7,"6. Средневзвешенная ставка, %"
602,2012,7,"12,08"
603,2012,8,"1. Количество кредитных организаций, предоставивших ипотечные жилищные кредиты, единиц"
604,2012,8,665
605,2012,8,"2. Количество ипотечных жилищных кредитов, предоставленных физическим лицам-резидентам, единиц"
606,2012,8,353 496
607,2012,8,"3. Объем ипотечных жилищных кредитов, предоставленных физическим лицам-резидентам, млн.руб."
608,2012,8,518 162
609,2012,8,"4. Задолженность по ипотечным жилищным кредитам, предоставленным кредитными организациями, млн.руб."
610,2012,8,1 723 894
611,2012,8,"4.3. из них: просроченная задолженность, млн.руб."
612,2012,8,45 585
613,2012,8,"5. Средневзвешенный срок кредитования, месяцев"
614,2012,8,"178,7"
615,2012,8,"6. Средневзвешенная ставка, %"
616,2012,8,"12,11"
617,2012,9,"1. Количество кредитных организаций, предоставивших ипотечные жилищные кредиты, единиц"
618,2012,9,662
619,2012,9,"2. Количество ипотечных жилищных кредитов, предоставленных физическим лицам-резидентам, единиц"
620,2012,9,417 747
621,2012,9,"3. Объем ипотечных жилищных кредитов, предоставленных физическим лицам-резидентам, млн.руб."
622,2012,9,613 143
623,2012,9,"4. Задолженность по ипотечным жилищным кредитам, предоставленным кредитными организациями, млн.руб."
624,2012,9,1 778 482
625,2012,9,"4.3. из них: просроченная задолженность, млн.руб."
626,2012,9,45 614
627,2012,9,"5. Средневзвешенный срок кредитования, месяцев"
628,2012,9,"179,0"
629,2012,9,"6. Средневзвешенная ставка, %"
630,2012,9,"12,13"
631,2012,10,"1. Количество кредитных организаций, предоставивших ипотечные жилищные кредиты, единиц"
632,2012,10,660
633,2012,10,"2. Количество ипотечных жилищных кредитов, предоставленных физическим лицам-резидентам, единиц"
634,2012,10,476 428
635,2012,10,"3. Объем ипотечных жилищных кредитов, предоставленных физическим лицам-резидентам, млн.руб."
636,2012,10,700 484
637,2012,10,"4. Задолженность по ипотечным жилищным кредитам, предоставленным кредитными организациями, млн.руб."
638,2012,10,1 820 416
639,2012,10,"4.3. из них: просроченная задолженность, млн.руб."
640,2012,10,44 309
641,2012,10,"5. Средневзвешенный срок кредитования, месяцев"
642,2012,10,"178,5"
643,2012,10,"6. Средневзвешенная ставка, %"
644,2012,10,"12,16"
645,2012,11,"1. Количество кредитных организаций, предоставивших ипотечные жилищные кредиты, единиц"
646,2012,11,663
647,2012,11,"2. Количество ипотечных жилищных кредитов, предоставленных физическим лицам-резидентам, единиц"
648,2012,11,544 358
649,2012,11,"3. Объем ипотечных жилищных кредитов, предоставленных физическим лицам-резидентам, млн.руб."
650,2012,11,802 824
651,2012,11,"4. Задолженность по ипотечным жилищным кредитам, предоставленным кредитными организациями, млн.руб."
652,2012,11,1 882 401
653,2012,11,"4.3. из них: просроченная задолженность, млн.руб."
654,2012,11,44 613
655,2012,11,"5. Средневзвешенный срок кредитования, месяцев"
656,2012,11,"178,6"
657,2012,11,"6. Средневзвешенная ставка, %"
658,2012,11,"12,19"
659,2012,12,"1. Количество кредитных организаций, предоставивших ипотечные жилищные кредиты, единиц"
660,2012,12,666
661,2012,12,"2. Количество ипотечных жилищных кредитов, предоставленных физическим лицам-резидентам, единиц"
662,2012,12,612 545
663,2012,12,"3. Объем ипотечных жилищных кредитов, предоставленных физическим лицам-резидентам, млн.руб."
664,2012,12,907 248
665,2012,12,"4. Задолженность по ипотечным жилищным кредитам, предоставленным кредитными организациями, млн.руб."
666,2012,12,1 938 373
667,2012,12,"4.3. из них: просроченная задолженность, млн.руб."
668,2012,12,44 017
669,2012,12,"5. Средневзвешенный срок кредитования, месяцев"
670,2012,12,"178,9"
671,2012,12,"6. Средневзвешенная ставка, %"
672,2012,12,"12,24"
673,2013,1,"1. Количество кредитных организаций, предоставивших ипотечные жилищные кредиты, единиц"
674,2013,1,667
675,2013,1,"2. Количество ипотечных жилищных кредитов, предоставленных физическим лицам-резидентам, единиц"
676,2013,1,691 724
677,2013,1,"3. Объем ипотечных жилищных кредитов, предоставленных физическим лицам-резидентам, млн.руб."
678,2013,1,1 031 992
679,2013,1,"4. Задолженность по ипотечным жилищным кредитам, предоставленным кредитными организациями, млн.руб."
680,2013,1,1 997 204
681,2013,1,"4.3. из них: просроченная задолженность, млн.руб."
682,2013,1,41 559
683,2013,1,"5. Средневзвешенный срок кредитования, месяцев"
684,2013,1,"179,5"
685,2013,1,"6. Средневзвешенная ставка, %"
686,2013,1,"12,29"
687,2013,2,"1. Количество кредитных организаций, предоставивших ипотечные жилищные кредиты, единиц"
688,2013,2,653
689,2013,2,"2. Количество ипотечных жилищных кредитов, предоставленных физическим лицам-резидентам, единиц"
690,2013,2,33 671
691,2013,2,"3. Объем ипотечных жилищных кредитов, предоставленных физическим лицам-резидентам, млн.руб."
692,2013,2,52 249
693,2013,2,"4. Задолженность по ипотечным жилищным кредитам, предоставленным кредитными организациями, млн.руб."
694,2013,2,2 011 084
695,2013,2,"4.3. из них: просроченная задолженность, млн.руб."
696,2013,2,42 052
697,2013,2,"5. Средневзвешенный срок кредитования, месяцев"
698,2013,2,"181,6"
699,2013,2,"6. Средневзвешенная ставка, %"
700,2013,2,"12,69"
701,2013,3,"1. Количество кредитных организаций, предоставивших ипотечные жилищные кредиты, единиц"
702,2013,3,654
703,2013,3,"2. Количество ипотечных жилищных кредитов, предоставленных физическим лицам-резидентам, единиц"
704,2013,3,83 986
705,2013,3,"3. Объем ипотечных жилищных кредитов, предоставленных физическим лицам-резидентам, млн.руб."
706,2013,3,133 004
707,2013,3,"4. Задолженность по ипотечным жилищным кредитам, предоставленным кредитными организациями, млн.руб."
708,2013,3,2 053 167
709,2013,3,"4.3. из них: просроченная задолженность, млн.руб."
710,2013,3,41 989
711,2013,3,"5. Средневзвешенный срок кредитования, месяцев"
712,2013,3,"180,6"
713,2013,3,"6. Средневзвешенная ставка, %"
714,2013,3,"12,77"
715,2013,4,"1. Количество кредитных организаций, предоставивших ипотечные жилищные кредиты, единиц"
716,2013,4,658
717,2013,4,"2. Количество ипотечных жилищных кредитов, предоставленных физическим лицам-резидентам, единиц"
718,2013,4,142 477
719,2013,4,"3. Объем ипотечных жилищных кредитов, предоставленных физическим лицам-резидентам, млн.руб."
720,2013,4,227 050
721,2013,4,"4. Задолженность по ипотечным жилищным кредитам, предоставленным кредитными организациями, млн.руб."
722,2013,4,2 094 905
723,2013,4,"4.3. из них: просроченная задолженность, млн.руб."
724,2013,4,42 052
725,2013,4,"5. Средневзвешенный срок кредитования, месяцев"
726,2013,4,"180,5"
727,2013,4,"6. Средневзвешенная ставка, %"
728,2013,4,"12,82"
729,2013,5,"1. Количество кредитных организаций, предоставивших ипотечные жилищные кредиты, единиц"
730,2013,5,660
731,2013,5,"2. Количество ипотечных жилищных кредитов, предоставленных физическим лицам-резидентам, единиц"
732,2013,5,211 586
733,2013,5,"3. Объем ипотечных жилищных кредитов, предоставленных физическим лицам-резидентам, млн.руб."
734,2013,5,341 115
735,2013,5,"4. Задолженность по ипотечным жилищным кредитам, предоставленным кредитными организациями, млн.руб."
736,2013,5,2 161 436
737,2013,5,"4.3. из них: просроченная задолженность, млн.руб."
738,2013,5,42 300
739,2013,5,"5. Средневзвешенный срок кредитования, месяцев"
740,2013,5,"180,0"
741,2013,5,"6. Средневзвешенная ставка, %"
742,2013,5,"12,76"
743,2013,6,"1. Количество кредитных организаций, предоставивших ипотечные жилищные кредиты, единиц"
744,2013,6,665
745,2013,6,"2. Количество ипотечных жилищных кредитов, предоставленных физическим лицам-резидентам, единиц"
746,2013,6,270 222
747,2013,6,"3. Объем ипотечных жилищных кредитов, предоставленных физическим лицам-резидентам, млн.руб."
748,2013,6,435 191
749,2013,6,"4. Задолженность по ипотечным жилищным кредитам, предоставленным кредитными организациями, млн.руб."
750,2013,6,2 214 118
751,2013,6,"4.3. из них: просроченная задолженность, млн.руб."
752,2013,6,42 171
753,2013,6,"5. Средневзвешенный срок кредитования, месяцев"
754,2013,6,"179,0"
755,2013,6,"6. Средневзвешенная ставка, %"
756,2013,6,"12,74"
757,2013,7,"1. Количество кредитных организаций, предоставивших ипотечные жилищные кредиты, единиц"
758,2013,7,665
759,2013,7,"2. Количество ипотечных жилищных кредитов, предоставленных физическим лицам-резидентам, единиц"
760,2013,7,336 173
761,2013,7,"3. Объем ипотечных жилищных кредитов, предоставленных физическим лицам-резидентам, млн.руб."
762,2013,7,542 632
763,2013,7,"4. Задолженность по ипотечным жилищным кредитам, предоставленным кредитными организациями, млн.руб."
764,2013,7,2 275 068
765,2013,7,"4.3. из них: просроченная задолженность, млн.руб."
766,2013,7,41 935
767,2013,7,"5. Средневзвешенный срок кредитования, месяцев"
768,2013,7,"178,5"
769,2013,7,"6. Средневзвешенная ставка, %"
770,2013,7,"12,72"
771,2013,8,"1. Количество кредитных организаций, предоставивших ипотечные жилищные кредиты, единиц"
772,2013,8,660
773,2013,8,"2. Количество ипотечных жилищных кредитов, предоставленных физическим лицам-резидентам, единиц"
774,2013,8,411 032
775,2013,8,"3. Объем ипотечных жилищных кредитов, предоставленных физическим лицам-резидентам, млн.руб."
776,2013,8,663 711
777,2013,8,"4. Задолженность по ипотечным жилищным кредитам, предоставленным кредитными организациями, млн.руб."
778,2013,8,2 341 835
779,2013,8,"4.3. из них: просроченная задолженность, млн.руб."
780,2013,8,42 455
781,2013,8,"5. Средневзвешенный срок кредитования, месяцев"
782,2013,8,"178,2"
783,2013,8,"6. Средневзвешенная ставка, %"
784,2013,8,"12,67"
785,2013,9,"1. Количество кредитных организаций, предоставивших ипотечные жилищные кредиты, единиц"
786,2013,9,658
787,2013,9,"2. Количество ипотечных жилищных кредитов, предоставленных физическим лицам-резидентам, единиц"
788,2013,9,485 633
789,2013,9,"3. Объем ипотечных жилищных кредитов, предоставленных физическим лицам-резидентам, млн.руб."
790,2013,9,785 101
791,2013,9,"4. Задолженность по ипотечным жилищным кредитам, предоставленным кредитными организациями, млн.руб."
792,2013,9,2 397 289
793,2013,9,"4.3. из них: просроченная задолженность, млн.руб."
794,2013,9,42 598
795,2013,9,"5. Средневзвешенный срок кредитования, месяцев"
796,2013,9,"177,8"
797,2013,9,"6. Средневзвешенная ставка, %"
798,2013,9,"12,63"
799,2013,10,"1. Количество кредитных организаций, предоставивших ипотечные жилищные кредиты, единиц"
800,2013,10,653
801,2013,10,"2. Количество ипотечных жилищных кредитов, предоставленных физическим лицам-резидентам, единиц"
802,2013,10,557 534
803,2013,10,"3. Объем ипотечных жилищных кредитов, предоставленных физическим лицам-резидентам, млн.руб."
804,2013,10,906 105
805,2013,10,"4. Задолженность по ипотечным жилищным кредитам, предоставленным кредитными организациями, млн.руб."
806,2013,10,2 399 345
807,2013,10,"4.3. из них: просроченная задолженность, млн.руб."
808,2013,10,40 692
809,2013,10,"5. Средневзвешенный срок кредитования, месяцев"
810,2013,10,"177,4"
811,2013,10,"6. Средневзвешенная ставка, %"
812,2013,10,"12,60"
813,2013,11,"1. Количество кредитных организаций, предоставивших ипотечные жилищные кредиты, единиц"
814,2013,11,654
815,2013,11,"2. Количество ипотечных жилищных кредитов, предоставленных физическим лицам-резидентам, единиц"
816,2013,11,639 234
817,2013,11,"3. Объем ипотечных жилищных кредитов, предоставленных физическим лицам-резидентам, млн.руб."
818,2013,11,1 042 317
819,2013,11,"4. Задолженность по ипотечным жилищным кредитам, предоставленным кредитными организациями, млн.руб."
820,2013,11,2 481 457
821,2013,11,"4.3. из них: просроченная задолженность, млн.руб."
822,2013,11,40 354
823,2013,11,"5. Средневзвешенный срок кредитования, месяцев"
824,2013,11,"176,0"
825,2013,11,"6. Средневзвешенная ставка, %"
826,2013,11,"12,56"
827,2013,12,"1. Количество кредитных организаций, предоставивших ипотечные жилищные кредиты, единиц"
828,2013,12,654
829,2013,12,"2. Количество ипотечных жилищных кредитов, предоставленных физическим лицам-резидентам, единиц"
830,2013,12,719 220
831,2013,12,"3. Объем ипотечных жилищных кредитов, предоставленных физическим лицам-резидентам, млн.руб."
832,2013,12,1 175 241
833,2013,12,"4. Задолженность по ипотечным жилищным кредитам, предоставленным кредитными организациями, млн.руб."
834,2013,12,2 560 014
835,2013,12,"4.3. из них: просроченная задолженность, млн.руб."
836,2013,12,40 042
837,2013,12,"5. Средневзвешенный срок кредитования, месяцев"
838,2013,12,"176,4"
839,2013,12,"6. Средневзвешенная ставка, %"
840,2013,12,"12,48"
841,2014,1,"1. Количество кредитных организаций, предоставивших ипотечные жилищные кредиты, единиц"
842,2014,1,658
843,2014,1,"2. Количество ипотечных жилищных кредитов, предоставленных физическим лицам, единиц"
844,2014,1,825 039
845,2014,1,"3. Объем ипотечных жилищных кредитов, предоставленных физическим лицам, млн.руб."
846,2014,1,1 353 926
847,2014,1,"4. Задолженность по ипотечным жилищным кредитам, предоставленным кредитными организациями, млн.руб."
848,2014,1,2 648 859
849,2014,1,"4.3. из них: просроченная задолженность, млн.руб."
850,2014,1,39 650
851,2014,1,"5. Средневзвешенный срок кредитования, месяцев"
852,2014,1,"176,4"
853,2014,1,"6. Средневзвешенная ставка, %"
854,2014,1,"12,44"
855,2014,2,"1. Количество кредитных организаций, предоставивших ипотечные жилищные кредиты, единиц"
856,2014,2,633
857,2014,2,"2. Количество ипотечных жилищных кредитов, предоставленных физическим лицам-резидентам, единиц"
858,2014,2,47 726
859,2014,2,"3. Объем ипотечных жилищных кредитов, предоставленных физическим лицам-резидентам, млн.руб."
860,2014,2,79 318
861,2014,2,"4. Задолженность по ипотечным жилищным кредитам, предоставленным кредитными организациями, млн.руб."
862,2014,2,2 682 513
863,2014,2,"4.3. из них: просроченная задолженность, млн.руб."
864,2014,2,40 434
865,2014,2,"5. Средневзвешенный срок кредитования, месяцев"
866,2014,2,"174,1"
867,2014,2,"6. Средневзвешенная ставка, %"
868,2014,2,"12,28"
869,2014,3,"1. Количество кредитных организаций, предоставивших ипотечные жилищные кредиты, единиц"
870,2014,3,635
871,2014,3,"2. Количество ипотечных жилищных кредитов, предоставленных физическим лицам-резидентам, единиц"
872,2014,3,117 842
873,2014,3,"3. Объем ипотечных жилищных кредитов, предоставленных физическим лицам-резидентам, млн.руб."
874,2014,3,198 246
875,2014,3,"4. Задолженность по ипотечным жилищным кредитам, предоставленным кредитными организациями, млн.руб."
876,2014,3,2 746 088
877,2014,3,"4.3. из них: просроченная задолженность, млн.руб."
878,2014,3,41 119
879,2014,3,"5. Средневзвешенный срок кредитования, месяцев"
880,2014,3,"181,2"
881,2014,3,"6. Средневзвешенная ставка, %"
882,2014,3,"12,29"
883,2014,4,"1. Количество кредитных организаций, предоставивших ипотечные жилищные кредиты, единиц"
884,2014,4,635
885,2014,4,"2. Количество ипотечных жилищных кредитов, предоставленных физическим лицам-резидентам, единиц"
886,2014,4,198 112
887,2014,4,"3. Объем ипотечных жилищных кредитов, предоставленных физическим лицам-резидентам, млн.руб."
888,2014,4,334 819
889,2014,4,"4. Задолженность по ипотечным жилищным кредитам, предоставленным кредитными организациями, млн.руб."
890,2014,4,2 809 819
891,2014,4,"4.3. из них: просроченная задолженность, млн.руб."
892,2014,4,40 606
893,2014,4,"5. Средневзвешенный срок кредитования, месяцев"
894,2014,4,"183,9"
895,2014,4,"6. Средневзвешенная ставка, %"
896,2014,4,"12,16"
897,2014,5,"1. Количество кредитных организаций, предоставивших ипотечные жилищные кредиты, единиц"
898,2014,5,633
899,2014,5,"2. Количество ипотечных жилищных кредитов, предоставленных физическим лицам-резидентам, единиц"
900,2014,5,291 860
901,2014,5,"3. Объем ипотечных жилищных кредитов, предоставленных физическим лицам-резидентам, млн.руб."
902,2014,5,496 325
903,2014,5,"4. Задолженность по ипотечным жилищным кредитам, предоставленным кредитными организациями, млн.руб."
904,2014,5,2 905 295
905,2014,5,"4.3. из них: просроченная задолженность, млн.руб."
906,2014,5,40 890
907,2014,5,"5. Средневзвешенный срок кредитования, месяцев"
908,2014,5,"174,5"
909,2014,5,"6. Средневзвешенная ставка, %"
910,2014,5,"12,20"
911,2014,6,"1. Количество кредитных организаций, предоставивших ипотечные жилищные кредиты, единиц"
912,2014,6,631
913,2014,6,"2. Количество ипотечных жилищных кредитов, предоставленных физическим лицам-резидентам, единиц"
914,2014,6,370 160
915,2014,6,"3. Объем ипотечных жилищных кредитов, предоставленных физическим лицам-резидентам, млн.руб."
916,2014,6,631 347
917,2014,6,"4. Задолженность по ипотечным жилищным кредитам, предоставленным кредитными организациями, млн.руб."
918,2014,6,2 976 065
919,2014,6,"4.3. из них: просроченная задолженность, млн.руб."
920,2014,6,40 671
921,2014,6,"5. Средневзвешенный срок кредитования, месяцев"
922,2014,6,"176,2"
923,2014,6,"6. Средневзвешенная ставка, %"
924,2014,6,"12,20"
925,2014,7,"1. Количество кредитных организаций, предоставивших ипотечные жилищные кредиты, единиц"
926,2014,7,635
927,2014,7,"2. Количество ипотечных жилищных кредитов, предоставленных физическим лицам-резидентам, единиц"
928,2014,7,448 577
929,2014,7,"3. Объем ипотечных жилищных кредитов, предоставленных физическим лицам-резидентам, млн.руб."
930,2014,7,769 679
931,2014,7,"4. Задолженность по ипотечным жилищным кредитам, предоставленным кредитными организациями, млн.руб."
932,2014,7,3 036 731
933,2014,7,"4.3. из них: просроченная задолженность, млн.руб."
934,2014,7,40 321
935,2014,7,"5. Средневзвешенный срок кредитования, месяцев"
936,2014,7,"175,9"
937,2014,7,"6. Средневзвешенная ставка, %"
938,2014,7,"12,20"
939,2014,8,"1. Количество кредитных организаций, предоставивших ипотечные жилищные кредиты, единиц"
940,2014,8,637
941,2014,8,"2. Количество ипотечных жилищных кредитов, предоставленных физическим лицам-резидентам, единиц"
942,2014,8,538 534
943,2014,8,"3. Объем ипотечных жилищных кредитов, предоставленных физическим лицам-резидентам, млн.руб."
944,2014,8,927 231
945,2014,8,"4. Задолженность по ипотечным жилищным кредитам, предоставленным кредитными организациями, млн.руб."
946,2014,8,3 132 713
947,2014,8,"4.3. из них: просроченная задолженность, млн.руб."
948,2014,8,41 567
949,2014,8,"5. Средневзвешенный срок кредитования, месяцев"
950,2014,8,"178,4"
951,2014,8,"6. Средневзвешенная ставка, %"
952,2014,8,"12,21"
953,2014,9,"1. Количество кредитных организаций, предоставивших ипотечные жилищные кредиты, единиц"
954,2014,9,637
955,2014,9,"2. Количество ипотечных жилищных кредитов, предоставленных физическим лицам-резидентам, единиц"
956,2014,9,621 432
957,2014,9,"3. Объем ипотечных жилищных кредитов, предоставленных физическим лицам-резидентам, млн.руб."
958,2014,9,1 073 313
959,2014,9,"4. Задолженность по ипотечным жилищным кредитам, предоставленным кредитными организациями, млн.руб."
960,2014,9,3 200 790
961,2014,9,"4.3. из них: просроченная задолженность, млн.руб."
962,2014,9,41 795
963,2014,9,"5. Средневзвешенный срок кредитования, месяцев"
964,2014,9,"178,4"
965,2014,9,"6. Средневзвешенная ставка, %"
966,2014,9,"12,22"
967,2014,10,"1. Количество кредитных организаций, предоставивших ипотечные жилищные кредиты, единиц"
968,2014,10,634
969,2014,10,"2. Количество ипотечных жилищных кредитов, предоставленных физическим лицам-резидентам, единиц"
970,2014,10,704 390
971,2014,10,"3. Объем ипотечных жилищных кредитов, предоставленных физическим лицам-резидентам, млн.руб."
972,2014,10,1 221 890
973,2014,10,"4. Задолженность по ипотечным жилищным кредитам, предоставленным кредитными организациями, млн.руб."
974,2014,10,3 278 091
975,2014,10,"4.3. из них: просроченная задолженность, млн.руб."
976,2014,10,42 169
977,2014,10,"5. Средневзвешенный срок кредитования, месяцев"
978,2014,10,"178,8"
979,2014,10,"6. Средневзвешенная ставка, %"
980,2014,10,"12,24"
981,2014,11,"1. Количество кредитных организаций, предоставивших ипотечные жилищные кредиты, единиц"
982,2014,11,631
983,2014,11,"2. Количество ипотечных жилищных кредитов, предоставленных физическим лицам-резидентам, единиц"
984,2014,11,797 246
985,2014,11,"3. Объем ипотечных жилищных кредитов, предоставленных физическим лицам-резидентам, млн.руб."
986,2014,11,1 386 863
987,2014,11,"4. Задолженность по ипотечным жилищным кредитам, предоставленным кредитными организациями, млн.руб."
988,2014,11,3 356 655
989,2014,11,"4.3. из них: просроченная задолженность, млн.руб."
990,2014,11,43 786
991,2014,11,"5. Средневзвешенный срок кредитования, месяцев"
992,2014,11,"179,5"
993,2014,11,"6. Средневзвешенная ставка, %"
994,2014,11,"12,32"
995,2014,12,"1. Количество кредитных организаций, предоставивших ипотечные жилищные кредиты, единиц"
996,2014,12,630
997,2014,12,"2. Количество ипотечных жилищных кредитов, предоставленных физическим лицам-резидентам, единиц"
998,2014,12,882 480
999,2014,12,"3. Объем ипотечных жилищных кредитов, предоставленных физическим лицам-резидентам, млн.руб."
1000,2014,12,1 537 553
1001,2014,12,"4. Задолженность по ипотечным жилищным кредитам, предоставленным кредитными организациями, млн.руб."
1002,2014,12,3 449 437
1003,2014,12,"4.3. из них: просроченная задолженность, млн.руб."
1004,2014,12,46 318
1005,2014,12,"5. Средневзвешенный срок кредитования, месяцев"
1006,2014,12,"179,7"
1007,2014,12,"6. Средневзвешенная ставка, %"
1008,2014,12,"12,35"
1009,2015,1,"1. Количество кредитных организаций, предоставивших ипотечные жилищные кредиты, единиц"
1010,2015,1,629
1011,2015,1,"2. Количество ипотечных жилищных кредитов, предоставленных физическим лицам-резидентам, единиц"
1012,2015,1,1 012 814
1013,2015,1,"3. Объем ипотечных жилищных кредитов, предоставленных физическим лицам-резидентам, млн.руб."
1014,2015,1,1 764 126
1015,2015,1,"4. Задолженность по ипотечным жилищным кредитам, предоставленным кредитными организациями, млн.руб."
1016,2015,1,3 528 379
1017,2015,1,"4.3. из них: просроченная задолженность, млн.руб."
1018,2015,1,46 097
1019,2015,1,"5. Средневзвешенный срок кредитования, месяцев"
1020,2015,1,"179,5"
1021,2015,1,"6. Средневзвешенная ставка, %"
1022,2015,1,"12,45"
1023,2015,2,"1. Количество кредитных организаций, предоставивших ипотечные жилищные кредиты, единиц"
1024,2015,2,598
1025,2015,2,"2. Количество ипотечных жилищных кредитов, предоставленных физическим лицам-резидентам, единиц"
1026,2015,2,43 025
1027,2015,2,"3. Объем ипотечных жилищных кредитов, предоставленных физическим лицам-резидентам, млн.руб."
1028,2015,2,70 525
1029,2015,2,"4. Задолженность по ипотечным жилищным кредитам, предоставленным кредитными организациями, млн.руб."
1030,2015,2,3 559 331
1031,2015,2,"4.3. из них: просроченная задолженность, млн.руб."
1032,2015,2,50 603
1033,2015,2,"5. Средневзвешенный срок кредитования, месяцев"
1034,2015,2,"176,5"
1035,2015,2,"6. Средневзвешенная ставка, %"
1036,2015,2,"14,16"
1037,2015,3,"1. Количество кредитных организаций, предоставивших ипотечные жилищные кредиты, единиц"
1038,2015,3,595
1039,2015,3,"2. Количество ипотечных жилищных кредитов, предоставленных физическим лицам-резидентам, единиц"
1040,2015,3,92 066
1041,2015,3,"3. Объем ипотечных жилищных кредитов, предоставленных физическим лицам-резидентам, млн.руб."
1042,2015,3,150 096
1043,2015,3,"4. Задолженность по ипотечным жилищным кредитам, предоставленным кредитными организациями, млн.руб."
1044,2015,3,3 565 091
1045,2015,3,"4.3. из них: просроченная задолженность, млн.руб."
1046,2015,3,49 141
1047,2015,3,"5. Средневзвешенный срок кредитования, месяцев"
1048,2015,3,"175,5"
1049,2015,3,"6. Средневзвешенная ставка, %"
1050,2015,3,"14,45"
1051,2015,4,"1. Количество кредитных организаций, предоставивших ипотечные жилищные кредиты, единиц"
1052,2015,4,589
1053,2015,4,"2. Количество ипотечных жилищных кредитов, предоставленных физическим лицам-резидентам, единиц"
1054,2015,4,135 186
1055,2015,4,"3. Объем ипотечных жилищных кредитов, предоставленных физическим лицам-резидентам, млн.руб."
1056,2015,4,218 134
1057,2015,4,"4. Задолженность по ипотечным жилищным кредитам, предоставленным кредитными организациями, млн.руб."
1058,2015,4,3 559 674
1059,2015,4,"4.3. из них: просроченная задолженность, млн.руб."
1060,2015,4,50 146
1061,2015,4,"5. Средневзвешенный срок кредитования, месяцев"
1062,2015,4,"174,0"
1063,2015,4,"6. Средневзвешенная ставка, %"
1064,2015,4,"14,53"
1065,2015,5,"1. Количество кредитных организаций, предоставивших ипотечные жилищные кредиты, единиц"
1066,2015,5,582
1067,2015,5,"2. Количество ипотечных жилищных кредитов, предоставленных физическим лицам-резидентам, единиц"
1068,2015,5,184 459
1069,2015,5,"3. Объем ипотечных жилищных кредитов, предоставленных физическим лицам-резидентам, млн.руб."
1070,2015,5,299 020
1071,2015,5,"4. Задолженность по ипотечным жилищным кредитам, предоставленным кредитными организациями, млн.руб."
1072,2015,5,3 563 414
1073,2015,5,"4.3. из них: просроченная задолженность, млн.руб."
1074,2015,5,49 241
1075,2015,5,"5. Средневзвешенный срок кредитования, месяцев"
1076,2015,5,"173,1"
1077,2015,5,"6. Средневзвешенная ставка, %"
1078,2015,5,"14,40"
1079,2015,6,"1. Количество кредитных организаций, предоставивших ипотечные жилищные кредиты, единиц"
1080,2015,6,577
1081,2015,6,"2. Количество ипотечных жилищных кредитов, предоставленных физическим лицам-резидентам, единиц"
1082,2015,6,228 237
1083,2015,6,"3. Объем ипотечных жилищных кредитов, предоставленных физическим лицам-резидентам, млн.руб."
1084,2015,6,372 804
1085,2015,6,"4. Задолженность по ипотечным жилищным кредитам, предоставленным кредитными организациями, млн.руб."
1086,2015,6,3 586 975
1087,2015,6,"4.3. из них: просроченная задолженность, млн.руб."
1088,2015,6,50 938
1089,2015,6,"5. Средневзвешенный срок кредитования, месяцев"
1090,2015,6,"172,7"
1091,2015,6,"6. Средневзвешенная ставка, %"
1092,2015,6,"14,22"
1093,2015,7,"1. Количество кредитных организаций, предоставивших ипотечные жилищные кредиты, единиц"
1094,2015,7,574
1095,2015,7,"2. Количество ипотечных жилищных кредитов, предоставленных физическим лицам-резидентам, единиц"
1096,2015,7,280 494
1097,2015,7,"3. Объем ипотечных жилищных кредитов, предоставленных физическим лицам-резидентам, млн.руб."
1098,2015,7,460 697
1099,2015,7,"4. Задолженность по ипотечным жилищным кредитам, предоставленным кредитными организациями, млн.руб."
1100,2015,7,3 609 044
1101,2015,7,"4.3. из них: просроченная задолженность, млн.руб."
1102,2015,7,52 996
1103,2015,7,"5. Средневзвешенный срок кредитования, месяцев"
1104,2015,7,"173,3"
1105,2015,7,"6. Средневзвешенная ставка, %"
1106,2015,7,"14,04"
1107,2015,8,"1. Количество кредитных организаций, предоставивших ипотечные жилищные кредиты, единиц"
1108,2015,8,572
1109,2015,8,"2. Количество ипотечных жилищных кредитов, предоставленных физическим лицам-резидентам, единиц"
1110,2015,8,338 578
1111,2015,8,"3. Объем ипотечных жилищных кредитов, предоставленных физическим лицам-резидентам, млн.руб."
1112,2015,8,557 524
1113,2015,8,"4. Задолженность по ипотечным жилищным кредитам, предоставленным кредитными организациями, млн.руб."
1114,2015,8,3 646 443
1115,2015,8,"4.3. из них: просроченная задолженность, млн.руб."
1116,2015,8,55 095
1117,2015,8,"5. Средневзвешенный срок кредитования, месяцев"
1118,2015,8,"173,3"
1119,2015,8,"6. Средневзвешенная ставка, %"
1120,2015,8,"13,93"
1121,2015,9,"1. Количество кредитных организаций, предоставивших ипотечные жилищные кредиты, единиц"
1122,2015,9,570
1123,2015,9,"2. Количество ипотечных жилищных кредитов, предоставленных физическим лицам-резидентам, единиц"
1124,2015,9,396 219
1125,2015,9,"3. Объем ипотечных жилищных кредитов, предоставленных физическим лицам-резидентам, млн.руб."
1126,2015,9,653 470
1127,2015,9,"4. Задолженность по ипотечным жилищным кредитам, предоставленным кредитными организациями, млн.руб."
1128,2015,9,3 701 921
1129,2015,9,"4.3. из них: просроченная задолженность, млн.руб."
1130,2015,9,59 570
1131,2015,9,"5. Средневзвешенный срок кредитования, месяцев"
1132,2015,9,"173,8"
1133,2015,9,"6. Средневзвешенная ставка, %"
1134,2015,9,"13,78"
1135,2015,10,"1. Количество кредитных организаций, предоставивших ипотечные жилищные кредиты, единиц"
1136,2015,10,568
1137,2015,10,"2. Количество ипотечных жилищных кредитов, предоставленных физическим лицам-резидентам, единиц"
1138,2015,10,461 260
1139,2015,10,"3. Объем ипотечных жилищных кредитов, предоставленных физическим лицам-резидентам, млн.руб."
1140,2015,10,762 028
1141,2015,10,"4. Задолженность по ипотечным жилищным кредитам, предоставленным кредитными организациями, млн.руб."
1142,2015,10,3 744 534
1143,2015,10,"4.3. из них: просроченная задолженность, млн.руб."
1144,2015,10,60 671
1145,2015,10,"5. Средневзвешенный срок кредитования, месяцев"
1146,2015,10,"174,3"
1147,2015,10,"6. Средневзвешенная ставка, %"
1148,2015,10,"13,68"
1149,2015,11,"1. Количество кредитных организаций, предоставивших ипотечные жилищные кредиты, единиц"
1150,2015,11,561
1151,2015,11,"2. Количество ипотечных жилищных кредитов, предоставленных физическим лицам-резидентам, единиц"
1152,2015,11,526 792
1153,2015,11,"3. Объем ипотечных жилищных кредитов, предоставленных физическим лицам-резидентам, млн.руб."
1154,2015,11,873 265
1155,2015,11,"4. Задолженность по ипотечным жилищным кредитам, предоставленным кредитными организациями, млн.руб."
1156,2015,11,3 788 339
1157,2015,11,"4.3. из них: просроченная задолженность, млн.руб."
1158,2015,11,60 485
1159,2015,11,"5. Средневзвешенный срок кредитования, месяцев"
1160,2015,11,"174,7"
1161,2015,11,"6. Средневзвешенная ставка, %"
1162,2015,11,"13,58"
1163,2015,12,"1. Количество кредитных организаций, предоставивших ипотечные жилищные кредиты, единиц"
1164,2015,12,562
1165,2015,12,"2. Количество ипотечных жилищных кредитов, предоставленных физическим лицам-резидентам, единиц"
1166,2015,12,594 278
1167,2015,12,"3. Объем ипотечных жилищных кредитов, предоставленных физическим лицам-резидентам, млн.руб."
1168,2015,12,985 762
1169,2015,12,"4. Задолженность по ипотечным жилищным кредитам, предоставленным кредитными организациями, млн.руб."
1170,2015,12,3 838 700
1171,2015,12,"4.3. из них: просроченная задолженность, млн.руб."
1172,2015,12,62 716
1173,2015,12,"5. Средневзвешенный срок кредитования, месяцев"
1174,2015,12,"175,4"
1175,2015,12,"6. Средневзвешенная ставка, %"
1176,2015,12,"13,43"
1177,2016,1,"1. Количество кредитных организаций, предоставивших ипотечные жилищные кредиты, единиц"
1178,2016,1,559
1179,2016,1,"2. Количество ипотечных жилищных кредитов, предоставленных физическим лицам-резидентам, единиц"
1180,2016,1,699 510
1181,2016,1,"3. Объем ипотечных жилищных кредитов, предоставленных физическим лицам-резидентам, млн.руб."
1182,2016,1,1 161 663
1183,2016,1,"4. Задолженность по ипотечным жилищным кредитам, предоставленным кредитными организациями, млн.руб."
1184,2016,1,3 982 237
1185,2016,1,"4.3. из них: просроченная задолженность, млн.руб."
1186,2016,1,66 209
1187,2016,1,"5. Средневзвешенный срок кредитования, месяцев"
1188,2016,1,"176,4"
1189,2016,1,"6. Средневзвешенная ставка, %"
1190,2016,1,"13,35"
1191,2016,2,"1. Количество кредитных организаций, предоставивших ипотечные жилищные кредиты, единиц"
1192,2016,2,522
1193,2016,2,"2. Количество ипотечных жилищных кредитов, предоставленных физическим лицам-резидентам, единиц"
1194,2016,2,37 147
1195,2016,2,"3. Объем ипотечных жилищных кредитов, предоставленных физическим лицам-резидентам, млн.руб."
1196,2016,2,61 804
1197,2016,2,"4. Задолженность по ипотечным жилищным кредитам, предоставленным кредитными организациями, млн.руб."
1198,2016,2,4 001 706
1199,2016,2,"4.3. из них: просроченная задолженность, млн.руб."
1200,2016,2,69 210
1201,2016,2,"5. Средневзвешенный срок кредитования, месяцев"
1202,2016,2,"180,6"
1203,2016,2,"6. Средневзвешенная ставка, %"
1204,2016,2,"12,50"
1205,2016,3,"1. Количество кредитных организаций, предоставивших ипотечные жилищные кредиты, единиц"
1206,2016,3,516
1207,2016,3,"2. Количество ипотечных жилищных кредитов, предоставленных физическим лицам-резидентам, единиц"
1208,2016,3,117 378
1209,2016,3,"3. Объем ипотечных жилищных кредитов, предоставленных физическим лицам-резидентам, млн.руб."
1210,2016,3,204 565
1211,2016,3,"4. Задолженность по ипотечным жилищным кредитам, предоставленным кредитными организациями, млн.руб."
1212,2016,3,4 069 419
1213,2016,3,"4.3. из них: просроченная задолженность, млн.руб."
1214,2016,3,70 573
1215,2016,3,"5. Средневзвешенный срок кредитования, месяцев"
1216,2016,3,"181,5"
1217,2016,3,"6. Средневзвешенная ставка, %"
1218,2016,3,"12,23"
1219,2016,4,"1. Количество кредитных организаций, предоставивших ипотечные жилищные кредиты, единиц"
1220,2016,4,509
1221,2016,4,"2. Количество ипотечных жилищных кредитов, предоставленных физическим лицам-резидентам, единиц"
1222,2016,4,188 460
1223,2016,4,"3. Объем ипотечных жилищных кредитов, предоставленных физическим лицам-резидентам, млн.руб."
1224,2016,4,323 664
1225,2016,4,"4. Задолженность по ипотечным жилищным кредитам, предоставленным кредитными организациями, млн.руб."
1226,2016,4,4 096 266
1227,2016,4,"4.3. из них: просроченная задолженность, млн.руб."
1228,2016,4,69 511
1229,2016,4,"5. Средневзвешенный срок кредитования, месяцев"
1230,2016,4,"181,5"
1231,2016,4,"6. Средневзвешенная ставка, %"
1232,2016,4,"12,47"
1233,2016,5,"1. Количество кредитных организаций, предоставивших ипотечные жилищные кредиты, единиц"
1234,2016,5,506
1235,2016,5,"2. Количество ипотечных жилищных кредитов, предоставленных физическим лицам-резидентам, единиц"
1236,2016,5,261 145
1237,2016,5,"3. Объем ипотечных жилищных кредитов, предоставленных физическим лицам-резидентам, млн.руб."
1238,2016,5,446 709
1239,2016,5,"4. Задолженность по ипотечным жилищным кредитам, предоставленным кредитными организациями, млн.руб."
1240,2016,5,4 125 961
1241,2016,5,"4.3. из них: просроченная задолженность, млн.руб."
1242,2016,5,69 657
1243,2016,5,"5. Средневзвешенный срок кредитования, месяцев"
1244,2016,5,"182,0"
1245,2016,5,"6. Средневзвешенная ставка, %"
1246,2016,5,"12,60"
1247,2016,6,"1. Количество кредитных организаций, предоставивших ипотечные жилищные кредиты, единиц"
1248,2016,6,505
1249,2016,6,"2. Количество ипотечных жилищных кредитов, предоставленных физическим лицам-резидентам, единиц"
1250,2016,6,322 723
1251,2016,6,"3. Объем ипотечных жилищных кредитов, предоставленных физическим лицам-резидентам, млн.руб."
1252,2016,6,550 644
1253,2016,6,"4. Задолженность по ипотечным жилищным кредитам, предоставленным кредитными организациями, млн.руб."
1254,2016,6,4 158 280
1255,2016,6,"4.3. из них: просроченная задолженность, млн.руб."
1256,2016,6,72 428
1257,2016,6,"5. Средневзвешенный срок кредитования, месяцев"
1258,2016,6,"182,6"
1259,2016,6,"6. Средневзвешенная ставка, %"
1260,2016,6,"12,69"
1261,2016,7,"1. Количество кредитных организаций, предоставивших ипотечные жилищные кредиты, единиц"
1262,2016,7,499
1263,2016,7,"2. Количество ипотечных жилищных кредитов, предоставленных физическим лицам-резидентам, единиц"
1264,2016,7,390 109
1265,2016,7,"3. Объем ипотечных жилищных кредитов, предоставленных физическим лицам-резидентам, млн.руб."
1266,2016,7,664 877
1267,2016,7,"4. Задолженность по ипотечным жилищным кредитам, предоставленным кредитными организациями, млн.руб."
1268,2016,7,4 186 302
1269,2016,7,"4.3. из них: просроченная задолженность, млн.руб."
1270,2016,7,71 806
1271,2016,7,"5. Средневзвешенный срок кредитования, месяцев"
1272,2016,7,"182,6"
1273,2016,7,"6. Средневзвешенная ставка, %"
1274,2016,7,"12,73"
1275,2016,8,"1. Количество кредитных организаций, предоставивших ипотечные жилищные кредиты, единиц"
1276,2016,8,501
1277,2016,8,"2. Количество ипотечных жилищных кредитов, предоставленных физическим лицам-резидентам, единиц"
1278,2016,8,455 245
1279,2016,8,"3. Объем ипотечных жилищных кредитов, предоставленных физическим лицам-резидентам, млн.руб."
1280,2016,8,775 728
1281,2016,8,"4. Задолженность по ипотечным жилищным кредитам, предоставленным кредитными организациями, млн.руб."
1282,2016,8,4 228 960
1283,2016,8,"4.3. из них: просроченная задолженность, млн.руб."
1284,2016,8,73 904
1285,2016,8,"5. Средневзвешенный срок кредитования, месяцев"
1286,2016,8,"182,6"
1287,2016,8,"6. Средневзвешенная ставка, %"
1288,2016,8,"12,74"
1289,2016,9,"1. Количество кредитных организаций, предоставивших ипотечные жилищные кредиты, единиц"
1290,2016,9,495
1291,2016,9,"2. Количество ипотечных жилищных кредитов, предоставленных физическим лицам-резидентам, единиц"
1292,2016,9,528 301
1293,2016,9,"3. Объем ипотечных жилищных кредитов, предоставленных физическим лицам-резидентам, млн.руб."
1294,2016,9,900 600
1295,2016,9,"4. Задолженность по ипотечным жилищным кредитам, предоставленным кредитными организациями, млн.руб."
1296,2016,9,4 274 710
1297,2016,9,"4.3. из них: просроченная задолженность, млн.руб."
1298,2016,9,73 700
1299,2016,9,"5. Средневзвешенный срок кредитования, месяцев"
1300,2016,9,"182,3"
1301,2016,9,"6. Средневзвешенная ставка, %"
1302,2016,9,"12,73"
1303,2016,10,"1. Количество кредитных организаций, предоставивших ипотечные жилищные кредиты, единиц"
1304,2016,10,492
1305,2016,10,"2. Количество ипотечных жилищных кредитов, предоставленных физическим лицам-резидентам, единиц"
1306,2016,10,602 581
1307,2016,10,"3. Объем ипотечных жилищных кредитов, предоставленных физическим лицам-резидентам, млн.руб."
1308,2016,10,1 027 383
1309,2016,10,"4. Задолженность по ипотечным жилищным кредитам, предоставленным кредитными организациями, млн.руб."
1310,2016,10,4 318 404
1311,2016,10,"4.3. из них: просроченная задолженность, млн.руб."
1312,2016,10,72 632
1313,2016,10,"5. Средневзвешенный срок кредитования, месяцев"
1314,2016,10,"182,4"
1315,2016,10,"6. Средневзвешенная ставка, %"
1316,2016,10,"12,71"
1317,2016,11,"1. Количество кредитных организаций, предоставивших ипотечные жилищные кредиты, единиц"
1318,2016,11,492
1319,2016,11,"2. Количество ипотечных жилищных кредитов, предоставленных физическим лицам-резидентам, единиц"
1320,2016,11,674 755
1321,2016,11,"3. Объем ипотечных жилищных кредитов, предоставленных физическим лицам-резидентам, млн.руб."
1322,2016,11,1 152 441
1323,2016,11,"4. Задолженность по ипотечным жилищным кредитам, предоставленным кредитными организациями, млн.руб."
1324,2016,11,4 366 033
1325,2016,11,"4.3. из них: просроченная задолженность, млн.руб."
1326,2016,11,72 677
1327,2016,11,"5. Средневзвешенный срок кредитования, месяцев"
1328,2016,11,"182,5"
1329,2016,11,"6. Средневзвешенная ставка, %"
1330,2016,11,"12,67"
1331,2016,12,"1. Количество кредитных организаций, предоставивших ипотечные жилищные кредиты, единиц"
1332,2016,12,486
1333,2016,12,"2. Количество ипотечных жилищных кредитов, предоставленных физическим лицам-резидентам, единиц"
1334,2016,12,753 093
1335,2016,12,"3. Объем ипотечных жилищных кредитов, предоставленных физическим лицам-резидентам, млн.руб."
1336,2016,12,1 289 290
1337,2016,12,"4. Задолженность по ипотечным жилищным кредитам, предоставленным кредитными организациями, млн.руб."
1338,2016,12,4 425 350
1339,2016,12,"4.3. из них: просроченная задолженность, млн.руб."
1340,2016,12,73 196
1341,2016,12,"5. Средневзвешенный срок кредитования, месяцев"
1342,2016,12,"182,8"
1343,2016,12,"6. Средневзвешенная ставка, %"
1344,2016,12,"12,62"
1345,2017,1,"1. Количество кредитных организаций, предоставивших ипотечные жилищные кредиты, единиц"
1346,2017,1,484
1347,2017,1,"2. Количество ипотечных жилищных кредитов, предоставленных физическим лицам-резидентам, единиц"
1348,2017,1,856 461
1349,2017,1,"3. Объем ипотечных жилищных кредитов, предоставленных физическим лицам-резидентам, млн.руб."
1350,2017,1,1 473 341
1351,2017,1,"4. Задолженность по ипотечным жилищным кредитам, предоставленным кредитными организациями, млн.руб."
1352,2017,1,4 493 155
1353,2017,1,"4.3. из них: просроченная задолженность, млн.руб."
1354,2017,1,70 333
1355,2017,1,"5. Средневзвешенный срок кредитования, месяцев"
1356,2017,1,"183,0"
1357,2017,1,"6. Средневзвешенная ставка, %"
1358,2017,1,"12,48"
1359,2017,2,"1. Количество кредитных организаций, предоставивших ипотечные жилищные кредиты, единиц"
1360,2017,2,440
1361,2017,2,"2. Количество ипотечных жилищных кредитов, предоставленных физическим лицам-резидентам, единиц"
1362,2017,2,40 039
1363,2017,2,"3. Объем ипотечных жилищных кредитов, предоставленных физическим лицам-резидентам, млн.руб."
1364,2017,2,71 083
1365,2017,2,"4. Задолженность по ипотечным жилищным кредитам, предоставленным кредитными организациями, млн.руб."
1366,2017,2,4 475 944
1367,2017,2,"4.3. из них: просроченная задолженность, млн.руб."
1368,2017,2,70 824
1369,2017,2,"5. Средневзвешенный срок кредитования, месяцев"
1370,2017,2,"186,5"
1371,2017,2,"6. Средневзвешенная ставка, %"
1372,2017,2,"11,84"
1373,2017,3,"1. Количество кредитных организаций, предоставивших ипотечные жилищные кредиты, единиц"
1374,2017,3,432
1375,2017,3,"2. Количество ипотечных жилищных кредитов, предоставленных физическим лицам-резидентам, единиц"
1376,2017,3,97 826
1377,2017,3,"3. Объем ипотечных жилищных кредитов, предоставленных физическим лицам-резидентам, млн.руб."
1378,2017,3,174 330
1379,2017,3,"4. Задолженность по ипотечным жилищным кредитам, предоставленным кредитными организациями, млн.руб."
1380,2017,3,4 495 719
1381,2017,3,"4.3. из них: просроченная задолженность, млн.руб."
1382,2017,3,70 273
1383,2017,3,"5. Средневзвешенный срок кредитования, месяцев"
1384,2017,3,"185,3"
1385,2017,3,"6. Средневзвешенная ставка, %"
1386,2017,3,"11,90"
1387,2017,4,"1. Количество кредитных организаций, предоставивших ипотечные жилищные кредиты, единиц"
1388,2017,4,431
1389,2017,4,"2. Количество ипотечных жилищных кредитов, предоставленных физическим лицам-резидентам, единиц"
1390,2017,4,178 337
1391,2017,4,"3. Объем ипотечных жилищных кредитов, предоставленных физическим лицам-резидентам, млн.руб."
1392,2017,4,321 314
1393,2017,4,"4. Задолженность по ипотечным жилищным кредитам, предоставленным кредитными организациями, млн.руб."
1394,2017,4,4 544 790
1395,2017,4,"4.3. из них: просроченная задолженность, млн.руб."
1396,2017,4,69 958
1397,2017,4,"5. Средневзвешенный срок кредитования, месяцев"
1398,2017,4,"185,4"
1399,2017,4,"6. Средневзвешенная ставка, %"
1400,2017,4,"11,80"
1401,2017,5,"1. Количество кредитных организаций, предоставивших ипотечные жилищные кредиты, единиц"
1402,2017,5,429
1403,2017,5,"2. Количество ипотечных жилищных кредитов, предоставленных физическим лицам-резидентам, единиц"
1404,2017,5,259 999
1405,2017,5,"3. Объем ипотечных жилищных кредитов, предоставленных физическим лицам-резидентам, млн.руб."
1406,2017,5,470 822
1407,2017,5,"4. Задолженность по ипотечным жилищным кредитам, предоставленным кредитными организациями, млн.руб."
1408,2017,5,4 607 890
1409,2017,5,"4.3. из них: просроченная задолженность, млн.руб."
1410,2017,5,70 664
1411,2017,5,"5. Средневзвешенный срок кредитования, месяцев"
1412,2017,5,"185,7"
1413,2017,5,"6. Средневзвешенная ставка, %"
1414,2017,5,"11,69"
1415,2017,6,"1. Количество кредитных организаций, предоставивших ипотечные жилищные кредиты, единиц"
1416,2017,6,424
1417,2017,6,"2. Количество ипотечных жилищных кредитов, предоставленных физическим лицам-резидентам, единиц"
1418,2017,6,338 574
1419,2017,6,"3. Объем ипотечных жилищных кредитов, предоставленных физическим лицам-резидентам, млн.руб."
1420,2017,6,615 325
1421,2017,6,"4. Задолженность по ипотечным жилищным кредитам, предоставленным кредитными организациями, млн.руб."
1422,2017,6,4 608 637
1423,2017,6,"4.3. из них: просроченная задолженность, млн.руб."
1424,2017,6,71 384
1425,2017,6,"5. Средневзвешенный срок кредитования, месяцев"
1426,2017,6,"185,9"
1427,2017,6,"6. Средневзвешенная ставка, %"
1428,2017,6,"11,60"
